{"cameraMode":{"drawMode":0,"name":"Shaded","section":"Shading Mode"},"sceneLighting":true,"audioPlay":false,"sceneViewState":{"m_AlwaysRefresh":false,"showFog":true,"showSkybox":true,"showFlares":true,"showImageEffects":true,"showParticleSystems":true,"showVisualEffectGraphs":true,"m_FxEnabled":true},"in2DMode":false,"pivot":{"x":-2.503990411758423,"y":1.2274186611175538,"z":31.26641845703125},"rotation":{"x":-0.013807552866637707,"y":0.01559523120522499,"z":-0.00021555621060542762,"w":-0.9997847080230713},"size":43.45412826538086,"orthographic":false}